<?xml version="1.0" encoding="UTF-8"?>
<sc-configuration>
	<interceptor name='log' class='water.ustc.interceptor.LogInterceptor' predo="preAction" afterdo="afterAction">
	</interceptor>
	<controller>
		<action name="login" class="water.ustc.action.LoginAction" method="handleLogin" >
			<interceptor-ref name="log"></interceptor-ref>
			<result name="success" type="forward" value="success_view.xml"></result>
			<result name="failure" type="redirect" value="failure.jsp"></result>
		</action>
		
		<action name="register" class="water.ustc.action.RegisterAction" method="handleRegister" >
			<interceptor-ref name="log"></interceptor-ref>
			<result name="success" type="forward" value="welcome.jsp"></result>
		</action>
	</controller>
</sc-configuration>

