<?xml version="1.0" encoding="UTF-8"?>

<log> 
  <action> 
    <name>login</name>  
    <s-time>2018-12-11 14:11:28</s-time>  
    <e-time>2018-12-11 14:11:28</e-time>  
    <result>success</result> 
  </action>  
  <action> 
    <name>login</name>  
    <s-time>2018-12-11 15:42:53</s-time>  
    <e-time>2018-12-11 15:42:53</e-time>  
    <result>success</result> 
  </action>  
  <action> 
    <name>login</name>  
    <s-time>2018-12-11 19:43:23</s-time>  
    <e-time>2018-12-11 19:43:23</e-time>  
    <result>success</result> 
  </action>  
  <action> 
    <name>login</name>  
    <s-time>2018-12-11 19:45:23</s-time>  
    <e-time>2018-12-11 19:45:23</e-time>  
    <result>success</result> 
  </action>  
  <action> 
    <name>register</name>  
    <s-time>2018-12-11 19:45:43</s-time>  
    <e-time>2018-12-11 19:45:43</e-time>  
    <result>success</result> 
  </action>  
  <action> 
    <name>register</name>  
    <s-time>2018-12-11 19:46:04</s-time>  
    <e-time>2018-12-11 19:46:04</e-time>  
    <result>success</result> 
  </action>  
  <action> 
    <name>login</name>  
    <s-time>2018-12-11 19:51:14</s-time>  
    <e-time>2018-12-11 19:51:14</e-time>  
    <result>failure</result> 
  </action>  
  <action> 
    <name>login</name>  
    <s-time>2018-12-11 19:51:29</s-time>  
    <e-time>2018-12-11 19:51:29</e-time>  
    <result>failure</result> 
  </action>  
  <action> 
    <name>login</name>  
    <s-time>2018-12-11 19:51:49</s-time>  
    <e-time>2018-12-11 19:51:49</e-time>  
    <result>failure</result> 
  </action>  
  <action> 
    <name>login</name>  
    <s-time>2018-12-11 20:08:19</s-time>  
    <e-time>2018-12-11 20:08:19</e-time>  
    <result>failure</result> 
  </action>  
  <action> 
    <name>login</name>  
    <s-time>2018-12-11 20:08:32</s-time>  
    <e-time>2018-12-11 20:08:32</e-time>  
    <result>failure</result> 
  </action>  
  <action> 
    <name>login</name>  
    <s-time>2018-12-11 20:08:49</s-time>  
    <e-time>2018-12-11 20:08:49</e-time>  
    <result>success</result> 
  </action>  
  <action> 
    <name>login</name>  
    <s-time>2018-12-11 21:26:58</s-time>  
    <e-time>2018-12-11 21:26:58</e-time>  
    <result>success</result> 
  </action>  
  <action> 
    <name>login</name>  
    <s-time>2018-12-13 21:02:53</s-time>  
    <e-time>2018-12-13 21:02:53</e-time>  
    <result>success</result> 
  </action>  
  <action> 
    <name>login</name>  
    <s-time>2018-12-13 21:09:00</s-time>  
    <e-time>2018-12-13 21:09:00</e-time>  
    <result>success</result> 
  </action>  
  <action> 
    <name>login</name>  
    <s-time>2018-12-15 15:13:09</s-time>  
    <e-time>2018-12-15 15:13:09</e-time>  
    <result>success</result> 
  </action>  
  <action> 
    <name>login</name>  
    <s-time>2018-12-15 15:16:51</s-time>  
    <e-time>2018-12-15 15:16:51</e-time>  
    <result>success</result> 
  </action>  
  <action> 
    <name>login</name>  
    <s-time>2018-12-16 11:20:41</s-time>  
    <e-time>2018-12-16 11:20:41</e-time>  
    <result>success</result> 
  </action>  
  <action> 
    <name>register</name>  
    <s-time>2018-12-16 11:22:49</s-time>  
    <e-time>2018-12-16 11:22:49</e-time>  
    <result>success</result> 
  </action>  
  <action> 
    <name>login</name>  
    <s-time>2018-12-17 12:47:20</s-time>  
    <e-time>2018-12-17 12:47:20</e-time>  
    <result>success</result> 
  </action>  
  <action> 
    <name>login</name>  
    <s-time>2018-12-17 12:56:32</s-time>  
    <e-time>2018-12-17 12:56:32</e-time>  
    <result>success</result> 
  </action>  
  <action> 
    <name>login</name>  
    <s-time>2018-12-18 19:32:44</s-time>  
    <e-time>2018-12-18 19:32:44</e-time>  
    <result>success</result> 
  </action>  
  <action> 
    <name>login</name>  
    <s-time>2018-12-18 19:55:47</s-time>  
    <e-time>2018-12-18 19:55:47</e-time>  
    <result>success</result> 
  </action>  
  <action> 
    <name>login</name>  
    <s-time>2018-12-18 20:06:44</s-time>  
    <e-time>2018-12-18 20:06:44</e-time>  
    <result>success</result> 
  </action>  
  <action> 
    <name>login</name>  
    <s-time>2018-12-19 12:42:28</s-time>  
    <e-time>2018-12-19 12:42:28</e-time>  
    <result>success</result> 
  </action>  
  <action> 
    <name>login</name>  
    <s-time>2018-12-19 12:45:04</s-time>  
    <e-time>2018-12-19 12:45:04</e-time>  
    <result>success</result> 
  </action>  
  <action> 
    <name>login</name>  
    <s-time>2018-12-19 12:48:44</s-time>  
    <e-time>2018-12-19 12:48:44</e-time>  
    <result>success</result> 
  </action>  
  <action> 
    <name>login</name>  
    <s-time>2018-12-19 12:49:40</s-time>  
    <e-time>2018-12-19 12:49:40</e-time>  
    <result>success</result> 
  </action>  
  <action> 
    <name>login</name>  
    <s-time>2018-12-19 12:51:53</s-time>  
    <e-time>2018-12-19 12:51:53</e-time>  
    <result>success</result> 
  </action>  
  <action> 
    <name>login</name>  
    <s-time>2018-12-19 12:57:35</s-time>  
    <e-time>2018-12-19 12:57:35</e-time>  
    <result>success</result> 
  </action>  
  <action> 
    <name>login</name>  
    <s-time>2018-12-19 12:59:16</s-time>  
    <e-time>2018-12-19 12:59:16</e-time>  
    <result>success</result> 
  </action>  
  <action> 
    <name>login</name>  
    <s-time>2018-12-19 13:01:54</s-time>  
    <e-time>2018-12-19 13:01:54</e-time>  
    <result>success</result> 
  </action>  
  <action> 
    <name>login</name>  
    <s-time>2018-12-19 13:05:50</s-time>  
    <e-time>2018-12-19 13:05:50</e-time>  
    <result>success</result> 
  </action>  
  <action> 
    <name>login</name>  
    <s-time>2018-12-19 13:07:25</s-time>  
    <e-time>2018-12-19 13:07:25</e-time>  
    <result>success</result> 
  </action>  
  <action> 
    <name>login</name>  
    <s-time>2018-12-19 13:10:30</s-time>  
    <e-time>2018-12-19 13:10:30</e-time>  
    <result>success</result> 
  </action>  
  <action> 
    <name>login</name>  
    <s-time>2018-12-19 13:10:47</s-time>  
    <e-time>2018-12-19 13:10:47</e-time>  
    <result>success</result> 
  </action>  
  <action> 
    <name>login</name>  
    <s-time>2018-12-19 13:13:21</s-time>  
    <e-time>2018-12-19 13:13:21</e-time>  
    <result>success</result> 
  </action>  
  <action> 
    <name>login</name>  
    <s-time>2018-12-19 13:15:38</s-time>  
    <e-time>2018-12-19 13:15:38</e-time>  
    <result>success</result> 
  </action>  
  <action> 
    <name>login</name>  
    <s-time>2018-12-19 13:18:26</s-time>  
    <e-time>2018-12-19 13:18:26</e-time>  
    <result>success</result> 
  </action>  
  <action> 
    <name>login</name>  
    <s-time>2018-12-19 13:21:00</s-time>  
    <e-time>2018-12-19 13:21:00</e-time>  
    <result>success</result> 
  </action>  
  <action> 
    <name>login</name>  
    <s-time>2018-12-19 13:21:01</s-time>  
    <e-time>2018-12-19 13:21:01</e-time>  
    <result>success</result> 
  </action>  
  <action> 
    <name>login</name>  
    <s-time>2018-12-19 13:21:02</s-time>  
    <e-time>2018-12-19 13:21:02</e-time>  
    <result>success</result> 
  </action>  
  <action> 
    <name>login</name>  
    <s-time>2018-12-19 13:21:02</s-time>  
    <e-time>2018-12-19 13:21:02</e-time>  
    <result>success</result> 
  </action>  
  <action> 
    <name>login</name>  
    <s-time>2018-12-19 13:21:03</s-time>  
    <e-time>2018-12-19 13:21:03</e-time>  
    <result>success</result> 
  </action>  
  <action> 
    <name>login</name>  
    <s-time>2018-12-19 13:28:49</s-time>  
    <e-time>2018-12-19 13:28:49</e-time>  
    <result>success</result> 
  </action>  
  <action> 
    <name>login</name>  
    <s-time>2018-12-19 13:29:29</s-time>  
    <e-time>2018-12-19 13:29:29</e-time>  
    <result>success</result> 
  </action>  
  <action> 
    <name>login</name>  
    <s-time>2018-12-19 20:00:32</s-time>  
    <e-time>2018-12-19 20:00:32</e-time>  
    <result>success</result> 
  </action>  
  <action> 
    <name>login</name>  
    <s-time>2018-12-20 16:09:08</s-time>  
    <e-time>2018-12-20 16:09:08</e-time>  
    <result>failure</result> 
  </action>  
  <action> 
    <name>login</name>  
    <s-time>2018-12-20 16:09:36</s-time>  
    <e-time>2018-12-20 16:09:36</e-time>  
    <result>failure</result> 
  </action>  
  <action> 
    <name>login</name>  
    <s-time>2018-12-20 16:10:50</s-time>  
    <e-time>2018-12-20 16:10:50</e-time>  
    <result>failure</result> 
  </action>  
  <action> 
    <name>login</name>  
    <s-time>2018-12-20 16:12:16</s-time>  
    <e-time>2018-12-20 16:12:16</e-time>  
    <result>success</result> 
  </action>  
  <action> 
    <name>login</name>  
    <s-time>2018-12-21 21:11:27</s-time>  
    <e-time>2018-12-21 21:11:27</e-time>  
    <result>success</result> 
  </action>  
  <action> 
    <name>login</name>  
    <s-time>2018-12-22 17:24:12</s-time>  
    <e-time>2018-12-22 17:24:12</e-time>  
    <result>failure</result> 
  </action>  
  <action> 
    <name>login</name>  
    <s-time>2018-12-23 09:28:55</s-time>  
    <e-time>2018-12-23 09:28:56</e-time>  
    <result>failure</result> 
  </action>  
  <action> 
    <name>login</name>  
    <s-time>2018-12-23 09:29:11</s-time>  
    <e-time>2018-12-23 09:29:11</e-time>  
    <result>failure</result> 
  </action>  
  <action> 
    <name>login</name>  
    <s-time>2018-12-23 09:31:50</s-time>  
    <e-time>2018-12-23 09:31:51</e-time>  
    <result>failure</result> 
  </action>  
  <action> 
    <name>login</name>  
    <s-time>2018-12-23 09:33:26</s-time>  
    <e-time>2018-12-23 09:33:26</e-time>  
    <result>failure</result> 
  </action>  
  <action> 
    <name>login</name>  
    <s-time>2018-12-23 09:37:52</s-time>  
    <e-time>2018-12-23 09:37:53</e-time>  
    <result>success</result> 
  </action>  
  <action> 
    <name>login</name>  
    <s-time>2018-12-23 10:32:48</s-time>  
    <e-time>2018-12-23 10:32:49</e-time>  
    <result>success</result> 
  </action>  
  <action> 
    <name>login</name>  
    <s-time>2018-12-23 10:45:01</s-time>  
    <e-time>2018-12-23 10:45:02</e-time>  
    <result>success</result> 
  </action>  
  <action> 
    <name>login</name>  
    <s-time>2018-12-23 10:46:01</s-time>  
    <e-time>2018-12-23 10:46:02</e-time>  
    <result>success</result> 
  </action>  
  <action> 
    <name>login</name>  
    <s-time>2018-12-23 10:46:52</s-time>  
    <e-time>2018-12-23 10:46:53</e-time>  
    <result>success</result> 
  </action>  
  <action> 
    <name>login</name>  
    <s-time>2018-12-23 16:28:03</s-time>  
    <e-time>2018-12-23 16:28:04</e-time>  
    <result>success</result> 
  </action>  
  <action> 
    <name>login</name>  
    <s-time>2018-12-23 16:31:32</s-time>  
    <e-time>2018-12-23 16:31:33</e-time>  
    <result>success</result> 
  </action>  
  <action> 
    <name>login</name>  
    <s-time>2018-12-28 08:46:44</s-time>  
    <e-time>2018-12-28 08:46:45</e-time>  
    <result>success</result> 
  </action>  
  <action> 
    <name>login</name>  
    <s-time>2018-12-28 08:50:24</s-time>  
    <e-time>2018-12-28 08:50:26</e-time>  
    <result>success</result> 
  </action>  
  <action> 
    <name>login</name>  
    <s-time>2018-12-28 09:08:38</s-time>  
    <e-time>2018-12-28 09:08:39</e-time>  
    <result>success</result> 
  </action>  
  <action> 
    <name>login</name>  
    <s-time>2018-12-28 09:11:59</s-time>  
    <e-time>2018-12-28 09:12:00</e-time>  
    <result>success</result> 
  </action>  
  <action> 
    <name>login</name>  
    <s-time>2018-12-28 09:29:11</s-time>  
    <e-time>2018-12-28 09:29:12</e-time>  
    <result>success</result> 
  </action>  
  <action> 
    <name>login</name>  
    <s-time>2018-12-28 09:31:04</s-time>  
    <e-time>2018-12-28 09:31:05</e-time>  
    <result>success</result> 
  </action>  
  <action> 
    <name>login</name>  
    <s-time>2018-12-28 14:29:28</s-time>  
    <e-time>2018-12-28 14:29:29</e-time>  
    <result>success</result> 
  </action>  
  <action> 
    <name>login</name>  
    <s-time>2018-12-28 14:30:57</s-time>  
    <e-time>2018-12-28 14:30:58</e-time>  
    <result>success</result> 
  </action>  
  <action> 
    <name>login</name>  
    <s-time>2019-01-01 19:51:39</s-time>  
    <e-time>2019-01-01 19:51:39</e-time>  
    <result>success</result> 
  </action>  
  <action> 
    <name>login</name>  
    <s-time>2019-01-01 20:41:34</s-time>  
    <e-time>2019-01-01 20:41:34</e-time>  
    <result>success</result> 
  </action>  
  <action> 
    <name>login</name>  
    <s-time>2019-01-01 20:41:46</s-time>  
    <e-time>2019-01-01 20:41:46</e-time>  
    <result>failure</result> 
  </action>  
  <action>
    <name>login</name>
    <s-time>2019-01-03 15:03:53</s-time>
    <e-time>2019-01-03 15:03:54</e-time>
    <result>success</result>
  </action>
</log>
