<?xml version="1.0" encoding="UTF-8"?>

<log> 
  <action> 
    <name>login</name>  
    <s-time>2018-12-11 14:11:28</s-time>  
    <e-time>2018-12-11 14:11:28</e-time>  
    <result>success</result> 
  </action>  
  <action> 
    <name>login</name>  
    <s-time>2018-12-11 15:42:53</s-time>  
    <e-time>2018-12-11 15:42:53</e-time>  
    <result>success</result> 
  </action>  
  <action> 
    <name>login</name>  
    <s-time>2018-12-11 19:43:23</s-time>  
    <e-time>2018-12-11 19:43:23</e-time>  
    <result>success</result> 
  </action>  
  <action> 
    <name>login</name>  
    <s-time>2018-12-11 19:45:23</s-time>  
    <e-time>2018-12-11 19:45:23</e-time>  
    <result>success</result> 
  </action>  
  <action> 
    <name>register</name>  
    <s-time>2018-12-11 19:45:43</s-time>  
    <e-time>2018-12-11 19:45:43</e-time>  
    <result>success</result> 
  </action>  
  <action> 
    <name>register</name>  
    <s-time>2018-12-11 19:46:04</s-time>  
    <e-time>2018-12-11 19:46:04</e-time>  
    <result>success</result> 
  </action>  
  <action> 
    <name>login</name>  
    <s-time>2018-12-11 19:51:14</s-time>  
    <e-time>2018-12-11 19:51:14</e-time>  
    <result>failure</result> 
  </action>  
  <action> 
    <name>login</name>  
    <s-time>2018-12-11 19:51:29</s-time>  
    <e-time>2018-12-11 19:51:29</e-time>  
    <result>failure</result> 
  </action>  
  <action> 
    <name>login</name>  
    <s-time>2018-12-11 19:51:49</s-time>  
    <e-time>2018-12-11 19:51:49</e-time>  
    <result>failure</result> 
  </action>  
  <action> 
    <name>login</name>  
    <s-time>2018-12-11 20:08:19</s-time>  
    <e-time>2018-12-11 20:08:19</e-time>  
    <result>failure</result> 
  </action>  
  <action> 
    <name>login</name>  
    <s-time>2018-12-11 20:08:32</s-time>  
    <e-time>2018-12-11 20:08:32</e-time>  
    <result>failure</result> 
  </action>  
  <action> 
    <name>login</name>  
    <s-time>2018-12-11 20:08:49</s-time>  
    <e-time>2018-12-11 20:08:49</e-time>  
    <result>success</result> 
  </action>  
  <action> 
    <name>login</name>  
    <s-time>2018-12-11 21:26:58</s-time>  
    <e-time>2018-12-11 21:26:58</e-time>  
    <result>success</result> 
  </action>  
  <action> 
    <name>login</name>  
    <s-time>2018-12-13 21:02:53</s-time>  
    <e-time>2018-12-13 21:02:53</e-time>  
    <result>success</result> 
  </action>  
  <action> 
    <name>login</name>  
    <s-time>2018-12-13 21:09:00</s-time>  
    <e-time>2018-12-13 21:09:00</e-time>  
    <result>success</result> 
  </action>  
  <action> 
    <name>login</name>  
    <s-time>2018-12-15 15:13:09</s-time>  
    <e-time>2018-12-15 15:13:09</e-time>  
    <result>success</result> 
  </action>  
  <action> 
    <name>login</name>  
    <s-time>2018-12-15 15:16:51</s-time>  
    <e-time>2018-12-15 15:16:51</e-time>  
    <result>success</result> 
  </action>  
  <action> 
    <name>login</name>  
    <s-time>2018-12-16 11:20:41</s-time>  
    <e-time>2018-12-16 11:20:41</e-time>  
    <result>success</result> 
  </action>  
  <action> 
    <name>register</name>  
    <s-time>2018-12-16 11:22:49</s-time>  
    <e-time>2018-12-16 11:22:49</e-time>  
    <result>success</result> 
  </action>  
  <action> 
    <name>login</name>  
    <s-time>2018-12-17 12:47:20</s-time>  
    <e-time>2018-12-17 12:47:20</e-time>  
    <result>success</result> 
  </action>  
  <action> 
    <name>login</name>  
    <s-time>2018-12-17 12:56:32</s-time>  
    <e-time>2018-12-17 12:56:32</e-time>  
    <result>success</result> 
  </action>  
  <action> 
    <name>login</name>  
    <s-time>2018-12-18 19:32:44</s-time>  
    <e-time>2018-12-18 19:32:44</e-time>  
    <result>success</result> 
  </action>  
  <action> 
    <name>login</name>  
    <s-time>2018-12-18 19:55:47</s-time>  
    <e-time>2018-12-18 19:55:47</e-time>  
    <result>success</result> 
  </action>  
  <action> 
    <name>login</name>  
    <s-time>2018-12-18 20:06:44</s-time>  
    <e-time>2018-12-18 20:06:44</e-time>  
    <result>success</result> 
  </action>  
  <action> 
    <name>login</name>  
    <s-time>2018-12-19 12:42:28</s-time>  
    <e-time>2018-12-19 12:42:28</e-time>  
    <result>success</result> 
  </action>  
  <action> 
    <name>login</name>  
    <s-time>2018-12-19 12:45:04</s-time>  
    <e-time>2018-12-19 12:45:04</e-time>  
    <result>success</result> 
  </action>  
  <action> 
    <name>login</name>  
    <s-time>2018-12-19 12:48:44</s-time>  
    <e-time>2018-12-19 12:48:44</e-time>  
    <result>success</result> 
  </action>  
  <action> 
    <name>login</name>  
    <s-time>2018-12-19 12:49:40</s-time>  
    <e-time>2018-12-19 12:49:40</e-time>  
    <result>success</result> 
  </action>  
  <action> 
    <name>login</name>  
    <s-time>2018-12-19 12:51:53</s-time>  
    <e-time>2018-12-19 12:51:53</e-time>  
    <result>success</result> 
  </action>  
  <action> 
    <name>login</name>  
    <s-time>2018-12-19 12:57:35</s-time>  
    <e-time>2018-12-19 12:57:35</e-time>  
    <result>success</result> 
  </action>  
  <action> 
    <name>login</name>  
    <s-time>2018-12-19 12:59:16</s-time>  
    <e-time>2018-12-19 12:59:16</e-time>  
    <result>success</result> 
  </action>  
  <action> 
    <name>login</name>  
    <s-time>2018-12-19 13:01:54</s-time>  
    <e-time>2018-12-19 13:01:54</e-time>  
    <result>success</result> 
  </action>  
  <action> 
    <name>login</name>  
    <s-time>2018-12-19 13:05:50</s-time>  
    <e-time>2018-12-19 13:05:50</e-time>  
    <result>success</result> 
  </action>  
  <action> 
    <name>login</name>  
    <s-time>2018-12-19 13:07:25</s-time>  
    <e-time>2018-12-19 13:07:25</e-time>  
    <result>success</result> 
  </action>  
  <action> 
    <name>login</name>  
    <s-time>2018-12-19 13:10:30</s-time>  
    <e-time>2018-12-19 13:10:30</e-time>  
    <result>success</result> 
  </action>  
  <action> 
    <name>login</name>  
    <s-time>2018-12-19 13:10:47</s-time>  
    <e-time>2018-12-19 13:10:47</e-time>  
    <result>success</result> 
  </action>  
  <action> 
    <name>login</name>  
    <s-time>2018-12-19 13:13:21</s-time>  
    <e-time>2018-12-19 13:13:21</e-time>  
    <result>success</result> 
  </action>  
  <action> 
    <name>login</name>  
    <s-time>2018-12-19 13:15:38</s-time>  
    <e-time>2018-12-19 13:15:38</e-time>  
    <result>success</result> 
  </action>  
  <action> 
    <name>login</name>  
    <s-time>2018-12-19 13:18:26</s-time>  
    <e-time>2018-12-19 13:18:26</e-time>  
    <result>success</result> 
  </action>  
  <action> 
    <name>login</name>  
    <s-time>2018-12-19 13:21:00</s-time>  
    <e-time>2018-12-19 13:21:00</e-time>  
    <result>success</result> 
  </action>  
  <action> 
    <name>login</name>  
    <s-time>2018-12-19 13:21:01</s-time>  
    <e-time>2018-12-19 13:21:01</e-time>  
    <result>success</result> 
  </action>  
  <action> 
    <name>login</name>  
    <s-time>2018-12-19 13:21:02</s-time>  
    <e-time>2018-12-19 13:21:02</e-time>  
    <result>success</result> 
  </action>  
  <action> 
    <name>login</name>  
    <s-time>2018-12-19 13:21:02</s-time>  
    <e-time>2018-12-19 13:21:02</e-time>  
    <result>success</result> 
  </action>  
  <action> 
    <name>login</name>  
    <s-time>2018-12-19 13:21:03</s-time>  
    <e-time>2018-12-19 13:21:03</e-time>  
    <result>success</result> 
  </action>  
  <action> 
    <name>login</name>  
    <s-time>2018-12-19 13:28:49</s-time>  
    <e-time>2018-12-19 13:28:49</e-time>  
    <result>success</result> 
  </action>  
  <action>
    <name>login</name>
    <s-time>2018-12-19 13:29:29</s-time>
    <e-time>2018-12-19 13:29:29</e-time>
    <result>success</result>
  </action>
</log>
